关键词,类别
警队,"2,6,9"
战略伙伴,"1,9"
社区,"3,8,10"
医院,"3,10"
护理员,"1,3,4"
黄坤,"3,6,9"
乡镇,"1,3,6,8,10"
银行,"1,7,"
宗教,"2,3,6,9,10"
土地,"1,3,7,"
政法,"3,6,9,10"
时代,"1,2,3,9"
总统,"3,9"
经贸,1
胡春华,"1,7,9"
贡献,"1,2"
公司,"1,5"
尤权,"1,8"
高水平,"1,2,5,9"
荷兰,"1,2,5,9"
中央,"6,8,9,10"
区域,"1,2,3,8,10"
农业,"1,3,5"
机器人,"1,5"
社会主义,"1,2,3,6,7,8,9"
职责,"6,7,9,10"
同志,"6,8,10"
学校,"2,5"
风险,"1,4"
群众,"3,8,10"
试点,"1,8"
克罗地亚,"1,2,5,9"
机制,"1,3,6"
南海,"6,9"
自治区,"1,2,3,6,8,9"
质量,"1,3"
整治,"4,6,8,9,10"
赵乐际,"1,3,6,7,8,9,10"
试验区,"1,3,6,8"
台风,"1,4"
库布其沙漠,"1,4"
钓鱼台国宾馆,"2,8,9"
广西壮族自治区,"1,2,3,6,8,9"
李克强,"3,6,7,8,9,10"
督导,"3,6,7,8,9"
专项,"6,8,9"
战略,"1,2,4,5,8,9"
一带,"1,2,4,5,6,9"
个人,"6,7"
互联网,"1,2,5"
督察组,"3,6,7,8,9"
范围,"3,3,6,8"
公共服务,"3,9,10"
人员,"3,6,9"
共同体,"1,4,9"
农村,"1,3,4,9"
视频,"3,5"
杠杆,"1,5"
核心,"1,5,9"
法律,"3,6,10"
请示报告,"6,8"
着力,"1,2,3,4,5"
大湾,"1,3"
宅基地,"1,3,6"
长生,"3,6"
癌症,"3,5"
营商,"1,3,6"
办园,"1,3,6"
公务员法,"3,6,9"
全球,"1,2,3,4,5,9"
总队,"3,8,10"
中共党员,"3,6,7,8,9,10"
信息,"1,2,5"
行政,"6,7,8,9,10"
资金,"1,6,7"
情况,"1,2,3,4,5,8"
特朗普,"1,9"
命运,"1,2,4,9"
优势,9
地税,"1,3,6"
教师,"2,9"
新疆,"1,2,3,9"
座谈会,"3,8,9,10"
企业,"1,6"
设施,"1,3"
条例,"3,6,9"
生猪,"1,3"
刘鹤,"1,6,8,9,10"
金融机构,"1,6"
代表团,"1,2,8"
行业,"1,3"
指导,"1,5,9"
峰会,"1,2,4,5,9"
贫困地区,"1,3"
政治,"8,9,10"
利奇马,"1,4"
全会精神,9
博鳌,"1,2,4,5,9"
信用,"3,9,10"
民族,"1,2,3,9"
中荷,"1,2,5,9"
部门,"1,2,3,6,9"
创业,"1,3"
海洋,"1,4"
律师,"3,6"
产品,"1,2,5"
杨洁篪,"1,6,8,9,10"
机遇,"1,9"
道德,"3,9,10"
郭声琨,"3,6,9"
法案,"3,6,9"
个人信息,3
官僚主义,"3,6,8,9,10"
公安部,"3,6,8,9"
妇女,"3,9"
政策,"6,8,9"
香港,"1,2,3,6,9"
中华人民共和国,9
牢记,"6,8,9,10"
智库,"1,3"
合作伙伴,"1,9"
案件,"3,6"
北京,"1,2,9"
国际法,"6,9"
制度,"3,6,9"
语言文字,2
听证会,"3,6"
基础,"1,2,3,4,5"
全面,"1,2,3,4,5,9"
措施,"6,8"
非洲,"1,2,4,5"
有力,6.9
主席,9
决策,"6,8,9"
广西,"1,2,3,4,5,8,9,10"
两国,"1,2,5,9"
国际,"1,2,5,9"
新台阶,"6,8,9"
极端化,"6,9"
疫苗,"3,6"
养老,"3,6,10"
宣讲团,"1,2,9"
经营权,1
交流,"1,2,5"
亚洲,"1,2,4,5"
幼儿园,"2,3"
科技,5
委员,"8,9,10"
市场主体,"1,6"
人权,"3,6,9"
法国,"1,2,5,9"
领导班子,"6,7,8,9,10"
地理信息,"2,4"
国税,"1,6"
基础设施,"1,3"
公务员,"6,7,8,9,10"
规定,"6,8,9,10"
讲话,"3,9"
单位,"6,8"
文件,"6,9"
能力,6
机关,"6,8"
干部群众,"6,7,8,9,10"
双方,"6,10"
师范生,"2,9"
数据,"1,5"
框架,"1,5,9"
宣传部,"3,6,9"
斑海豹,4
委员长,"3,8"
集资,"1,3,6,10"
灾害,3
论坛,"1,2,4,5"
对话,"2,9"
互利,"1,2,5"
报告,"6,9"
经济,1
孙春兰,"1,4,6"
法治,"3,6"
农民工,"3,10"
城市,"3,10"
社会,3
共识,"6,9"
职业,"1,3"
网络,"3,5"
宁夏回族自治区,"1,2,3,6,8,9"
媒体,3
残疾人,"3,10"
总体,"3,6"
规模,6
医疗卫生,"3,6"
农民,"3,10"
王晨,"6,8,9,10"
资源,"1,3,4"
幼崽,4
司法,"3,6"
地质灾害,"1,4"
街道,"3,6,10"
博览会,"1,5"
王岐山,"1,6,8,9,10"
国有资产,"1,6"
最低工资,"1,3,6"
能源,4
金砖,"1,2,5,6,9"
产业,"1,2,4,5"
亚欧,"1,2,4,5"
保险,"1,3"
金融,1
消防,"3,6"
实体,1
市场,"1,3,6"
高校,"2,9"
主义,9
新闻,"6,9"
依法,"6,9"
部署,"5,6"
跨国公司,"1,5,6"
有限公司,"1,6"
会议,9
成员国,"1,2,5"
水平,"1,2,4,5"
任务,"1,3,4,5,6"
目标,"1,4"
法规,"3,6"
纳税人,"1,3,6"
新加坡,"1,2,5,9"
学院,2
初心,"3,7,8,9,10"
领域,"1,2,4,5"
重点,6
总理,"3,6,7,8,9,10"
小微,1
利用,"1,3"
经济社会,"1,3"
团长,3
乡村,"1,3,4,9"
监委,"6,7,8"
中东欧,"1,2,5,9"
基本,"1,2,3,4,5,6,7,8,9,10"
暴力,3
库布其,4
思想,9
关系,3
干部,"7,8,9,10"
地方,"1,2,4,6,10"
欧洲,"1,2,5,9"
力度,"6,7"
世界,"1,2,4,5,"
管理部,"1,6,7,8"
公共资源,"1,3,6"
税务,"1,6"
文物,2
密码,1
公费,7
领导人,"8,9"
关税,"1,6"
平台,"1,2,3,4,5"
精神,9
机构,"1,2,3,4,5"
党员,"6,7,8,9,10"
用户,5
沙漠,4
大会,"1,2,4,5,9"
内容,"1,,2,3,4,5,6,7,8,9,10"
事业,"1,2,4,5"
地区,"1,2,4,6,10"
思政,"6,7,8,9"
药品,3
中欧,"1,2,5,9"
标准,"1,2,4,6,9,10"
理念,"1,4"
布鲁塞尔,"1,2,5,9"
事项,"3,6,10"
农产品,"1,4"
国土,3
党校,"6,7,8,9"
省份,3
主席团,"8,9"
从严治党,"6,7,8,9,10"
政务,"6,7,8,9,10"
知识产权,"1,5"
山东,"1,2,3,4,5"
绿色,"1,4"
税收,"1,6"
备份,"5,6"
规范,"6,7,8,9,10"
文化,2
高峰论坛,"1,2,4,5"
工程,"1,2,4,5"
债券,"1,3"
人民,"6,9,10"
环境,4
核国,"1,2,3,5"
技术,5
服务业,"3,6"
美国,"1,2,5,9"
文明,"2,5"
吕特,"1,2,5,9"
强军,3
职称,"1,2,3"
规范性,"6,7,8,9,10"
金正恩,"1,2,5,9"
保护地,"2,5"
原则,"3,4,6,9"
交通,3
人类,"1,2,3,4,5"
成果,"1,2,3,4,5,6,7,9"
双边关系,"1,2,5"
价格,1
东亚,"1,2,5,9"
西藏,"1,2,5,9"
业务,"1,3"
负责人,"1,5,8"
中塔,"1,2,5"
委员会,"1,2,4,5,10"
两国人民,"1,2,5"
民生,"3,6"
生态,4
公益,3
巡视组,"3,6,7,8,9"
城乡,"1,3,10"
小康社会,"1,2,3,9"
基层,"3,9,10"
草案,"3,9"
倡议,"3,4,9"
中非,"1,2,5,9"
建议,"1,2,3,4,5"
猪肉,"1,3"
国务委员,"6,8"
主题,"1,2,3,4,5,9"
杨静仁,9
代表,"6,8"
战书,3
文物保护,2
领导,"6,8"
汪洋,"6,8"
机构编制,"3,6,8"
农户,"1,3"
特色,"1,2,3,4,5"
体制,"1,2,3,4,5"
项目,"1,2,4,5"
总书记,"6,8"
会见,"3,9"
何立峰,"1,6,9"
英国,"1,2,5,9"
指数,"1,4,5"
宪法,9
集团,"1,5"
主体,"1,2,3,4,5"
方案,"1,2,3,4,5"
冰雪,4
博会,"1,2,5,9"
治沙,4
方式,"1,2,3,4,5,6,7,8,9,10"
形式主义,"6,9,10"
办法,"4,7,8,9,10"
农村土地,"1,4"
民营企业,"1,3"
意见,"6,7,8,9,10"
加拿大,"1,2,5,9"
党组,"6,7,8,9,10"
督查组,"3,6,7,8,9"
规则,"3,4,6,9"
长春,"1,3"
韩正,"1,3,6,9"
高质量,"1,3"
方面,"1,2,3,4,5,6,7,8,9,10"
染色体,5
王毅,"3,9"
依法治国,"3,6,7,8,9,10"
办理,"1,2,3,4,5"
王沪宁,"1,3,6,9"
责任,"3,6,7,9"
文职人员,"1,2,4,5"
政府,"1,2,3,4,5,6,7,8,9,10"
贷款,"1,3"
月份,"1,2,3,4,5,6,7,8,9,10"
地名,"1,2,3,4,5,6,7,8,9,10"
人文,"1,2,3,4,5,6,7,8,9,10"
中心,"1,2,3,4,5,6,7,8,9,10"
协议,"1,2,3,4,5"
标志,"1,2,3,4,5"
规划,"1,2,4,5,6,7,8,9"
评价,"2,4,6,10"
杜尚别,"1,2,5,9"
实际,"1,2,3,4,5"
空间规划,"1,2,4"
宁夏,"1,2,3,6,9"
澳门,"1,2,3,6,9"
体系,"1,2,4,5,8"
模式,"1,2,3,5,8"
班列,3
